Id|ExportNaarOrafin|Naam|VerantwoordelijkeAutoriteitCode|ipdc-ID-link
DVR000000001|False|Werkplek duaal leren|OVO000079|1468
DVR000000002|True|Subsidies aan havenbedrijven voor bepaalde havenkapiteindiensten|OVO000097|237
DVR000000005|True|Pimp je Speelplaats|OVO000089|1385
DVR000000012|True|Subsidies aan de verenigingen waar armen het woord nemen|OVO000056|1335
DVR000000018|True|Kmo-portefeuille|OVO000039|198
DVR000000022|True|Erkenning en subsidiëring van voorzieningen van de bijzondere jeugdbijstand|OVO000065|593
DVR000000024|True|Erkenning en subsidiëring van sociaal-toeristische verenigingen|OVO000034|577
DVR000000028|True|Vlaamse renovatiepremie (RENO)|OVO000106|516
DVR000000054|True|Erfgoedpremie|OVO000104|700
DVR000000055|True|Erfgoedpremie meerjarenovereenkomst|OVO000104|1504
DVR000000058|True|Onderzoekspremie|OVO000104|1545
DVR000000059|True|Premie voor varend erfgoed - BVR van 4/6/2004|OVO000104|932
DVR000000060|True|Premie voor varend erfgoed - BVR van 27/11/2015|OVO000104|932
DVR000000079|True|Subsidies voor de opmaak van een beheerplan|OVO000089|398
DVR000000083|True|Bebossing/herbebossing/inkomenssteun|OVO000089|433
DVR000000085|True|Ondersteuning wildbeheereenheden|OVO000089|196
DVR000000088|True|Subsidie voor openstellen bos|OVO000089|428
DVR000000089|True|Subsidie ecologische bosfunctie|OVO000089|414
DVR000000100|True|Subsidies aan autonoom vrijwilligerswerk in de zorgsector|OVO000056|488
DVR000000101|True|Subsidies aan voorzieningen algemeen welzijnswerk|OVO000056|465
DVR000000102|True|Subsidies aan centra voor tele-onthaal|OVO000056|441
DVR000000104|True|Subsidies juridische eerstelijnsbijstand|OVO000056|38
DVR000000106|True|Projectsubsidies in het kader van armoedebestrijding|OVO000056|328
DVR000000145|True|Vlaamse verbeterings- en aanpassingspremie (VAP)|OVO000106|675
DVR000000146|True|Huursubsidie|OVO000106|697
DVR000000147|True|Huurpremie|OVO000106|692
DVR000000164|True|Verzekering gewaarborgd wonen|OVO000106|185
DVR000000202|True|Subsidie ikv biologische productiemethode (hectaresteun)|OVO000082|480
DVR000000203|True|Subsidie voor boslandbouwsystemen (agroforestry)|OVO000082|468
DVR000000207|True|Subsidie ikv Kratos/bedrijfsadvies|OVO000082|519
DVR000000210|True|Subsidie ikv Europese schoolfruit, -groenten en -melkregeling|OVO000082|382
DVR000000211|True|Subsidie voor zorgboerderijen|OVO000082|218
DVR000000212|True|Subsidie voor fokkerij|OVO000082|478
DVR000000214|True|Subsidie voor controlekosten biologische landbouw|OVO000082|562
DVR000000217|True|Werkingssubsidie voor VLAM (Vlaams Centrum voor Agro- en Visserijmarketing)|OVO000082|560
DVR000000225|True|Kmo-groeisubsidie|OVO000039|1399
DVR000000226|True|Ontwikkelingsproject|OVO000039|1539
DVR000000227|True|Onderzoeksproject|OVO000039|1540
DVR000000228|True|Strategische transformatiesteun (STS)|OVO000039|1146
DVR000000229|True|Ecologisch en veilig transport|OVO000039|1467
DVR000000230|True|Ecologiepremie plus|OVO000039|200
DVR000000231|True|Strategische ecologiesteun (STRES)|OVO000039|1220
DVR000000232|True|Compensatie indirecte emissiekosten|OVO000039|990
DVR000000233|True|Hinderpremie|OVO000039|1440
DVR000000235|True|Innovatiemandaten|OVO000039|281
DVR000000236|True|Baekeland-mandaat|OVO000039|313
DVR000000238|True|Bedrijventerreinen|OVO000039|355
DVR000000242|True|Bedrijvencentra en doorgangsgebouwen|OVO000039|310
DVR000000247|True|KMO-haalbaarheidsstudie|OVO000039|269
DVR000000248|True|KMO-innovatieprojecten|OVO000039|312
DVR000000249|True|Sprint-Project|OVO000039|1230
DVR000000250|True|O&O-bedrijfsproject|OVO000039|279
DVR000000252|True|VIS-Trajecten|OVO000039|280
DVR000000253|True|Inkomenscompensatievergoeding - Vlaams Gewest|OVO000039|737
DVR000000254|True|Rentetoelage voor hinder bij openbare werken|OVO000039|367
DVR000000268|True|Subsidies mobiliteitsverenigingen|OVO000096|256
DVR000000278|True|Onderzoeksinfrastructuur - Lissabonstrategie|OVO000038|275
DVR000000300|True|Financiering zorg via organisaties die zorg en ondersteuning bieden: kortverblijf|OVO000060|82
DVR000000336|True|Beurs Circusdecreet Bijscholing en opleiding circuskunstenaars Beurzen internationale bijscholing|OVO000067|610
DVR000000337|True|Beurs Circusdecreet Bijscholing en opleiding circuskunstenaars Deelname aan opleidingen tot docent|OVO000067|610
DVR000000349|True|Decreet Jeugdverblijfcentra ondersteuningsstructuren vzw Centrum voor jeugdtoerisme|OVO000067|704
DVR000000350|True|Decreet Jeugdverblijfcentra ondersteuningsstructuren vzw Vlaamse Jeugdherbergen|OVO000067|704
DVR000001353|True|Enveloppe Decreet Jeugdverblijfcentra Jeugdverblijfcentra, Hostels, ondersteuningsstructuren en de vzw ADJ Subsidiëring van ADJ, CJT en VJH|OVO000067|704
DVR000001360|True|Erkenning Cultureel-erfgoeddecreet (nieuw CED) Kwaliteitslabel|OVO000067|234
DVR000001361|True|Erkenning cultuureducatieve verenigingen|OVO000067|635
DVR000001362|True|Erkenning Landelijk georganiseerde jeugdverenigingen|OVO000067|634
DVR000001364|True|Erkenning verenigingen informatie en participatie|OVO000067|636
DVR000001413|True|Nieuwe disciplines (Amateurkunsten)|OVO000067|611
DVR000001421|True|Personeelssubsidie Decreet Jeugdverblijfcentra Jeugdverblijfcentra, Hostels, ondersteuningsstructuren en de vzw ADJ Centra met personeel -en werkingsubsidie|OVO000067|704
DVR000001431|True|Projectsubsidie Circusdecreet Creatie van circuskunstproducties|OVO000067|610
DVR000001432|True|Projectsubsidie Circusdecreet Ondersteuning en promotie circuskunsten Promotie van circuskunsten|OVO000067|610
DVR000001433|True|Projectsubsidie Circusdecreet Spreiding van circuskunstproducties Eénjarige festivals|OVO000067|610
DVR000001434|True|Projectsubsidie Circusdecreet Spreiding van circuskunstproducties Internationale spreiding van Vlaamse circusproductie|OVO000067|610
DVR000001435|True|Projectsubsidie Circusdecreet Spreiding van circuskunstproducties Meerjarige festivals|OVO000067|610
DVR000001436|True|Projectsubsidie Circusdecreet Spreiding van circuskunstproducties Nomadische tournees in Vlaanderen|OVO000067|610
DVR000001445|True|Projectsubsidie Participatiedecreet Projecten ter bevordering van de participatie van kansengroepen in cultuur, jeugdwerk of sport|OVO000067|614
DVR000001448|True|Projectsubsidie voor internationale cultureel erfgoedprojecten|OVO000067|258
DVR000001449|True|Projectsubsidie voor ontwikkelingsgerichte cultureel erfgoedprojecten|OVO000067|258
DVR000001462|True|Subsidiëring cultuureducatieve verenigingen|OVO000067|635
DVR000001464|True|Subsidiëring Landelijk georganiseerde jeugdverenigingen|OVO000067|634
DVR000001465|True|Subsidiëring verenigingen informatie en participatieJeugd|OVO000067|636
DVR000001497|True|Vrijetijdspas|OVO000067|40
DVR000001502|True|Werkingssubsidie Circusdecreet Ondersteuning en promotie circuskunsten Ondersteuning circuscentrum|OVO000067|610
DVR000001508|True|Werkingssubsidie en Personeelssubsidie Decreet Jeugdverblijfcentra Jeugdverblijfcentra en Hostels|OVO000067|704
DVR000001517|True|Werkingssubsidie Participatiedecreet Hobbyverenigingen|OVO000067|616
DVR000001518|True|Werkingssubsidie Participatiedecreet Laagdrempelige educatie voor kansengroepen|OVO000067|615
DVR000001614|True|GK - Projectsubsidie Gelijke kansen|OVO001835|526
DVR000001622|True|Brussel - Subsidie Projecten voor Brussel (Subsidiegids)|OVO001835|368
DVR000001626|True|Vlaamse Rand - Facultatieve subsidie faciliteitengemeenten|OVO001835|515
DVR000001627|True|Vlaamse Rand - Impulsprojectsubsidie|OVO001835|1391
DVR000001656|True|Subsidies leegstaande bedrijfsruimten (verwerving en sanering - variabel krediet)|OVO003323|531
DVR000001683|True|Subsidie kinderopvang - subsidie voor inkomenstarief gezinsopvang|OVO000061|1130
DVR000001684|True|Subsidie kinderopvang - subsidie voor inkomenstarief groepsopvang|OVO000061|1130
DVR000001717|True|Adoptiepremie|OVO000061|806
DVR000001744|True|Zorgbudget voor zwaar zorgbehoevenden|OVO000120|365
DVR000001745|True|Zorgbudget voor ouderen met zorgnood|OVO000120|131
DVR000001750|True|Reglementaire subsidies samenwerkingsinitiatieven eerstelijnsgezondheidszorg (SEL)|OVO000059|467
DVR000001793|True|Erkenning psychiatrische verzorgingstehuizen|OVO000059|440
DVR000001794|True|Erkenning en subsidiëring diensten voor thuisverpleging|OVO000059|412
DVR000001803|True|Dienstencheques|OVO000076|130
DVR000001808|True|VOP|OVO000076|220
DVR000001809|True|Aanwervingsincentive|OVO000076|1436
DVR000001810|True|Transitiepremie|OVO000076|1486
DVR000001817|True|ESF- subsidies|OVO000076|336
DVR000001818|True|Aanmoedigingspremies|OVO000076|699
DVR000001819|True|Vlaams zorgkrediet|OVO000076|1421
DVR000001820|True|Ervaringsfonds|OVO000076|1229
DVR000001821|False|Arbeidskaarten|OVO000076|582
DVR000001822|False|Beroepskaarten|OVO000076|961
DVR000001828|True|Betaald educatief verlof|OVO000076|1344
DVR000001830|False|Ervaringsbewijs|OVO000076|332
DVR000001832|False|Opleidingscheques|OVO000076|199
DVR000001834|True|Beschutte werkplaatsen|OVO000076|343
DVR000001836|True|Sociale werkplaatsen|OVO000076|341
DVR000001840|True|Arbeidszorg|OVO000076|345
DVR000001841|False|SINE|OVO000076|1469
DVR000001842|True|Invoegbedrijven|OVO000076|339
DVR000001855|False|Werkhervattingstoeslag (uitdovend)|OVO000076|889
DVR000001857|False|Loopbaanonderbreking (uitdovend)|OVO000076|1365
DVR000001885|True|Subsidies in kader van het decreet mobiliteitsbeleid – Projectsubsidies|OVO000190|294
DVR000001889|True|Leertijd|OVO000079|563
DVR000001890|True|Ondernemerschapstrajecten|OVO000079|334
DVR000002017|False|Kaphout afvoeren||1
DVR000002018|False|Financiële tegemoetkoming in de begrafeniskosten voor oud-strijders||2
DVR000002019|False|Eensluidend verklaarde kopie||3
DVR000002020|False|Ophalen van glas via de glascontainer||4
DVR000002021|False|Huisvuilstickers||5
DVR000002022|False|Hulp nodig bij vervullen administratieve taken||7
DVR000002023|False|Gemeentelijke premie voor inbraakpreventie||9
DVR000002024|False|Inleveren bouwafval en bouwresten||10
DVR000002025|False|Onthaal nieuwe inwoners||13
DVR000002026|False|Ophalen kerstboom||14
DVR000002027|False|Huis-aan-huisinzameling van glas||15
DVR000002028|False|Huis-aan-huisinzameling van grofvuil||16
DVR000002029|False|Huis-aan-huisinzameling van klein gevaarlijk afval||17
DVR000002030|False|Huis-aan-huisinzameling van papier en karton||18
DVR000002031|False|Huis-aan-huisinzameling van plastic-, metaal- en drankverpakkingen (PMD)||19
DVR000002032|False|Huis-aan-huisinzameling van restafval||20
DVR000002033|False|Huis-aan-huisinzameling van snoeihout||21
DVR000002034|False|Peterschap van een grafmonument||22
DVR000002035|False|Sorteerpasje||23
DVR000002036|False|Afhalen weggehaalde fiets/bromfiets||24
DVR000002037|False|Afhalen gevonden voorwerpen||25
DVR000002038|False|Toelating voor het aanleggen van een geveltuin||26
DVR000002039|False|Toelating om bij een evenement af te wijken van het geluidsniveau||27
DVR000002040|False|Verkoop gevonden fietsen en bromfietsen||28
DVR000002041|False|Premie voor het aanleggen van een geveltuin||30
DVR000002042|False|Premie voor het aanleggen van een groendak||31
DVR000002043|False|Premie voor een huwelijksjubileum||32
DVR000002044|False|Bruikleen of hergebruik van een grafmonument||33
DVR000002045|False|Speelpleinwerking||34
DVR000002046|False|Cultuurcheque||35
DVR000002047|False|Taxicheques||36
DVR000002048|False|Dringende steun in noodsituaties||37
DVR000002049|False|Zorgtariefpas||39
DVR000002050|False|Tussenkomst eerste maand huishuur||41
DVR000002051|False|Financiële tussenkomst voor de aanpassing van de woning van ouderen en personen met een handicap||42
DVR000002052|False|Arbeidstrajectbegeleiding||43
DVR000002053|False|Atelierwerking||44
DVR000002054|False|Openbare computerruimten||45
DVR000002055|False|Gebruiken van computerklassen||46
DVR000002056|False|Gebruik van een fuifruimte||47
DVR000002057|False|Schoollokalen huren buiten de schooluren||48
DVR000002058|False|Infrastructuur en materiaal gebruiken voor sociaal-culturele activiteiten||49
DVR000002059|False|Jeugdcentrum gebruiken voor jongerenactiviteiten||50
DVR000002060|False|Kookinfrastructuur gebruiken||51
DVR000002061|False|Uitlenen van evenementenmateriaal||52
DVR000002062|False|Gebruiken van een polyvalente ruimte||53
DVR000002063|False|Gebruiken van een repetitieruimte||54
DVR000002064|False|Gebruiken van een speelterrein||55
DVR000002065|False|Gebruik van sportinfrastructuur||56
DVR000002066|False|Gebruiken van studieruimten||57
DVR000002067|False|Gebruiken van een theaterinfrastructuur||58
DVR000002068|False|Bibliotheekvoorzieningen voor personen met een beperking||59
DVR000002069|False|Boekenuitleendienst aan huis||60
DVR000002070|False|Boodschappendienst||61
DVR000002071|False|Budgetbegeleiding||62
DVR000002072|False|Budgetbeheer||63
DVR000002073|False|Buitenschoolse kinderopvang||64
DVR000002074|False|Crisisopvang||65
DVR000002075|False|Cultuurkorting voor studenten||66
DVR000002076|False|Dienst aangepast vervoer voor minder mobiele personen||67
DVR000002077|False|Doorgangswoning, transitwoning of noodwoning||68
DVR000002078|False|Financiële tussenkomst bij het betalen van uw energiefacturen||69
DVR000002079|False|Financiële tussenkomst bij hospitalisatiekosten||70
DVR000002080|False|Financiële tussenkomst voor deelname van kinderen en jongeren aan het georganiseerde vrijetijdsaanbod||71
DVR000002081|False|Aanvragen van een gidsbeurt||72
DVR000002082|False|Grabbelpas||73
DVR000002083|False|Gratis bonnen voor tweedehandsaankopen||74
DVR000002084|False|Gratis vuilniszakken||75
DVR000002085|False|Huistaakbegeleiding||76
DVR000002086|False|Gemeentelijke financiële tussenkomst in de huurkosten||77
DVR000002087|False|Financiële tussenkomst in de huurwaarborg||78
DVR000002088|False|Financiële tegemoetkoming voor jeugdactiviteiten||79
DVR000002089|False|Kopie van een archiefdocument||80
DVR000002090|False|Cultuurkaart||81
DVR000002091|False|Mantelzorgpremie||83
DVR000002092|False|Financiële tussenkomst in mutualiteitsbijdragen||84
DVR000002093|False|Nieuwjaarsgeschenk voor chronisch zieken of personen met een handicap||86
DVR000002094|False|Ter beschikking stellen van een palliatieve kamer||87
DVR000002095|False|Aanvragen van een parkeerplaats voor personen met een handicap||88
DVR000002096|False|Gemeentelijke premie voor het opstarten van een kinderdagverblijf||89
DVR000002097|False|Projectsubsidie cultuur||90
DVR000002098|False|Psychosociale hulp||91
DVR000002099|False|Archiefdocumenten raadplegen||92
DVR000002100|False|Borgstelling voor een woonzorgcentrum||93
DVR000002101|False|Financiële tussenkomst in de schoolkosten||94
DVR000002102|False|Schuldbemiddeling||95
DVR000002103|False|Vermindering op de huisvuilbelasting||96
DVR000002104|False|Sportkorting voor studenten||97
DVR000002105|False|Strijkatelier of strijkwinkel||98
DVR000002106|False|Subsidie voor het aankopen van groot materiaal voor jeugdwerk||99
DVR000002107|False|Subsidie voor het bevorderen van diversiteit in sport, cultuur en jeugd||100
DVR000002108|False|Gemeentelijke subsidie voor erfgoedverenigingen||101
DVR000002109|False|Gemeentelijke subsidie voor investeringen in infrastructuur in het jeugdwerk||102
DVR000002110|False|Subsidie ouderbetrokkenheid bij school||104
DVR000002111|False|Subsidie voor het organiseren van sportevenementen||105
DVR000002112|False|Thuisopvang voor zieke kinderen||106
DVR000002113|False|Tussenkomst voor haarverzorging||107
DVR000002114|False|Thuiszorg - Huishoudelijke hulp||108
DVR000002115|False|Maaltijdbedeling aan huis||109
DVR000002116|False|Thuiszorg - Oppasdienst||110
DVR000002117|False|Persoonsverzorging||111
DVR000002118|False|Voetverzorging||112
DVR000002119|False|Toelage voor instellingen voor personen met een handicap||113
DVR000002120|False|Gemeentelijke premie voor de opvang van personen met een handicap||114
DVR000002121|False|Tussenkomst in farmaceutische en (para-) medische kosten||115
DVR000002122|False|Tussenkomst in de taxikosten||116
DVR000002123|False|Tweedehandskledij||117
DVR000002124|False|Ontlenen van boeken, cd's, dvd's en ander bibliotheekmateriaal||118
DVR000002125|False|Ontlenen van materiaal voor jeugdactiviteiten en jeugdwerk||119
DVR000002126|False|Financiële tussenkomst voor een verblijf in een woonzorgcentrum||120
DVR000002127|False|Vervoer minder mobiele personen||121
DVR000002128|False|Voedselpakketten||122
DVR000002129|False|Gemeentelijke premie voorhuwelijkssparen||123
DVR000002130|False|Voorschotten op sociale uitkeringen||124
DVR000002131|False|Financiële tussenkomst voor waterverbruik||125
DVR000002132|False|Erkenning als verdeler van officiële afvalzakken||127
DVR000002133|False|Leefloon|OVO027345|134
DVR000002134|False|Noodoproepen|OVO027254|135
DVR000002135|False|Overlevingspensioen|OVO024764|136
DVR000002136|False|Huwelijk|OVO027233|139
DVR000002137|False|Wettelijk samenwonen|OVO027233|144
DVR000002138|False|Buitenlandse huwelijksakte erkennen en overschrijven|OVO024762|145
DVR000002139|False|Collectieve schuldenregeling|OVO003988|146
DVR000002140|False|Kids-ID: Elektronisch identiteitsdocument voor kinderen onder de 12 jaar|OVO027249|147
DVR000002141|False|Elektronische identiteitskaart (eID)|OVO027249|148
DVR000002142|False|Nietig verklaren van een huwelijk|OVO003988|149
DVR000002143|False|Internationaal rijbewijs|OVO004067|152
DVR000002144|False|Federaal token|OVO025178|155
DVR000002145|False|Een kind erkennen|OVO003988|156
DVR000002146|False|Geboorteaangifte|OVO003988|157
DVR000002147|False|Orgaandonatie|OVO008238|158
DVR000002148|False|Overlijdensaangifte|OVO027233|159
DVR000002149|False|Parkeerkaart voor personen met een handicap|OVO027282|160
DVR000002150|False|Wilsverklaring inzake euthanasie|OVO008238|163
DVR000002151|False|Huwelijksaangifte|OVO027233|173
DVR000002152|False|Fiets huren||175
DVR000002153|False|Premie voor superisolerend glas||180
DVR000002154|False|Bewonerskaart|OVO027233|181
DVR000002155|False|Jachtverlof en jachtvergunning|OVO000089|186
DVR000002156|False|Visverlof|OVO000089|187
DVR000002157|False|Verplichte keuring van uw privériolering voor afvoer van afval- of regenwater|OVO000092|188
DVR000002158|False|Vrijstelling of vermindering van inschrijvingsgeld in het volwassenenonderwijs|OVO000049|189
DVR000002159|False|Een diploma secundair onderwijs behalen via het secundair volwassenenonderwijs (vroeger tweedekansonderwijs)|OVO000049|190
DVR000002160|False|Begeleiding van inburgeraars (het Inburgeringstraject)|OVO001846|193
DVR000002161|False|Verplichte keuring van de waterleidingen bij nieuwbouw en renovatie|OVO000111|194
DVR000002162|False|Erkenning van een wildbeheereenheid|OVO000089|195
DVR000002163|False|Premie voor het behalen van een diploma secundair onderwijs via het volwassenenonderwijs|OVO001951|197
DVR000002164|False|Verhoogde vermindering van de onroerende voorheffing voor bescheiden woning|OVO000031|201
DVR000002165|False|Eurovignet voor vrachtwagens||202
DVR000002166|False|Ophalen GFT||203
DVR000002167|False|Erkenning van mestvoerders|OVO000094|204
DVR000002168|False|Registratie van verzenders van meststoffen|OVO000094|205
DVR000002169|False|Aangifte bij de Mestbank|OVO000094|206
DVR000002170|False|Subsidies in het kader van cultuurkuur en dynamo3|OVO000049|208
DVR000002171|False|Startbanenproject 'Scholen voor Jongeren - Jongeren voor Scholen' voor een positief schoolklimaat|OVO000050|209
DVR000002172|False|Lerarenkaart|OVO000049|210
DVR000002173|False|Startbanenproject Verkeersveiligheid voor veiliger woon-schoolverkeer|OVO000050|211
DVR000002174|False|Bevolkingsonderzoek bij pasgeborenen naar aangeboren aandoeningen via een bloedonderzoek|OVO000059|212
DVR000002175|False|Erasmus uitwisselingsprogramma en Erasmusbeurs om in het buitenland te studeren|OVO004097|213
DVR000002176|False|Aanvraag tot onderzoek van het binnenmilieu in een woning of openbaar gebouw|OVO000059|214
DVR000002177|False|Energieprestatiecertificaat voor een publiek gebouw|OVO000090|216
DVR000002178|False|Jaarlijkse verkeersbelasting voor aan te geven voertuigen|OVO027269|217
DVR000002179|False|Erkenning van bedrijfsgezondheidsdiensten|OVO000059|221
DVR000002180|False|Gratis controle van putwater bij eigen grondwaterwinning|OVO000092|222
DVR000002181|False|Individuele Beroepsopleiding (IBO) voor werkzoekenden|OVO000078|223
DVR000002182|False|Ontheffing van loodsplicht voor kleine zeeschepen|OVO000097|225
DVR000002183|False|Jaarlijkse verkeersbelasting voor personenwagens en aanverwante voertuigen|OVO027269|227
DVR000002184|False|Onroerende voorheffing|OVO000031|228
DVR000002185|False|Heffing op de winning van grondwater|OVO000092|235
DVR000002186|False|Erkenning als Vlaams ontwikkelingsfonds voor microfinanciering in de ontwikkelingssamenwerking|OVO000032|236
DVR000002187|False|Vergunning voor watervang|OVO000112|238
DVR000002188|False|Sociaal tarief en vrijstelling van de heffing op de waterverontreiniging|OVO000092|241
DVR000002189|False|Omgevingsvergunning voor het wijzigen van kleine landschapselementen of vegetaties|OVO000089|242
DVR000002190|False|Omnipas 65+|OVO000100|245
DVR000002191|False|Kaart voor kosteloze begeleider van een persoon met een handicap op het openbaar vervoer|OVO003863|246
DVR000002192|False|Gratis abonnement van De Lijn voor personen met een handicap|OVO000100|247
DVR000002193|False|Buzzy Pazz of Omnipas 'Vervoersgarantie' (VG)|OVO000100|248
DVR000002194|False|Euregio-ticket (dagpas bus en trein gebied Euregio Maas - Rijn)|OVO000100|249
DVR000002195|False|Gratis abonnement van NMBS en De Lijn voor oorlogsinvaliden en oud-strijders|OVO003863|250
DVR000002196|False|Attest voor personenvervoer voor eigen rekening|OVO000096|252
DVR000002197|False|Machtiging voor de tijdelijke vervanging van een voertuig van een taxidienst of verhuurdienst|OVO000096|253
DVR000002198|False|Vergunning voor het uitbaten van een taxidienst|OVO000096|254
DVR000002199|False|Vergunning voor de verhuur van voertuigen met bestuurder|OVO000096|255
DVR000002200|False|Vergunning voor het organiseren van grensoverschrijdend geregeld vervoer|OVO000096|257
DVR000002201|False|Erkenning en subsidiëring van kunstenaars en professionele kunstenorganisaties|OVO000067|259
DVR000002202|False|Erkenning en subsidiëring van sportfederaties en organisaties voor sportieve vrijetijdsbesteding|OVO000070|261
DVR000002203|False|Erkenning en vergunning van een radio-omroep|OVO000071|263
DVR000002204|False|Praktische ondersteuning voor sportpromotionele evenementen|OVO000070|265
DVR000002205|False|Subsidiedatabank voor ondernemingen|OVO000039|268
DVR000002206|False|Aspirantenmandaat|OVO025831|272
DVR000002207|False|Steun voor kmo's bij toepassing van milieu- en energievriendelijke technologie (PRODEM)|OVO000041|274
DVR000002208|False|Investering van risicokapitaal in beloftevolle kmo's (Arkimedes)|OVO000044|276
DVR000002209|False|Investering in een creatieve onderneming (CultuurInvest)|OVO000044|277
DVR000002210|False|Vergunning of overeenkomst om bijzondere vormen van geregeld vervoer te organiseren|OVO000096|283
DVR000002211|False|Ontheffing van loodsplicht voor grote zeeschepen|OVO000097|284
DVR000002212|False|Vergunning voor het privégebruik van waterwegen en hun aanhorigheden|OVO000112|285
DVR000002213|False|Buzzy Pazz of Omnipas 'Verhoogde Tegemoetkoming' (VT)|OVO000100|289
DVR000002214|False|Bemiddelaar Grootschalige Vlaamse Infrastructuurprojecten|OVO000096|290
DVR000002215|False|Subsidies voor duurzaam woon-werkverkeer via het Pendelfonds|OVO000096|292
DVR000002216|False|Subsidie voor een actieprogramma duurzame mobiliteit van een niet-erkende mobiliteitsvereniging|OVO000096|293
DVR000002217|False|Doctoraatsbeurs strategisch basisonderzoek|OVO025831|296
DVR000002218|False|Klinische doctoraatsbeurs|OVO025831|299
DVR000002219|False|Bijzondere doctoraatsbeurs|OVO025831|300
DVR000002220|False|Mandaat postdoctoraal onderzoeker|OVO025831|301
DVR000002221|False|Fundamenteel klinisch mandaat|OVO025831|302
DVR000002222|False|Krediet voor individuele onderzoeker|OVO025831|303
DVR000002223|False|Steun voor wetenschappelijke internationale samenwerking en contacten|OVO025831|306
DVR000002224|False|Waarborgregeling boven 1,5 miljoen euro|OVO000044|314
DVR000002225|False|Groeifinanciering|OVO000044|316
DVR000002226|False|Voordelige lening aan bedrijf uit de sociale economie (Sociaal Investeringsfonds)|OVO000044|320
DVR000002227|False|Een gekend kind adopteren|OVO000376|323
DVR000002228|False|Een ongekend kind adopteren|OVO000376|324
DVR000002229|False|Erkenning sociale huisvestingsmaatschappijen|OVO000106|329
DVR000002230|False|Tegemoetkoming in kosten kinderopvang voor werkzoekenden in opleiding|OVO000078|331
DVR000002231|False|Tegemoetkoming voor werkgevers die outplacementbegeleiding aanbieden|OVO000078|333
DVR000002232|False|Stimulanspremie voor werkzoekenden in opleiding|OVO000078|337
DVR000002233|False|Subsidies voor de omkadering van arbeidszorgmedewerkers|OVO000076|345
DVR000002234|False|Grafconcessies en concessies voor columbaria en urnenvelden|OVO001835|346
DVR000002235|False|Erkenning als natuurreservaat|OVO000089|347
DVR000002236|False|Erkenning als terreinbeherende natuurvereniging|OVO000089|348
DVR000002237|False|Erkenning en subsidiëring van bosgroepen (verenigingen van boseigenaars)||349
DVR000002238|False|Erkenning en subsidiëring van integratiecentra|OVO001706|350
DVR000002239|False|Erkenning en subsidiering van opvangcentra voor vogels en wilde dieren|OVO000089|351
DVR000002240|False|Erkenning en subsidiëring van de ondersteuningscentra en het overlegcentrum voor etnisch-culturele minderheden|OVO001706|354
DVR000002241|False|Erkenning als centrum voor het depollueren, ontmantelen en vernietigen van afgedankte voertuigen|OVO000091|359
DVR000002242|False|Waarborgregeling tot 1,5 miljoen euro|OVO000044|360
DVR000002243|False|Plaatsing van een jongere in een gemeenschapsinstelling|OVO000058|363
DVR000002244|False|Verplichte verwarmingsaudit voor cv-installatie die ouder is dan 5 jaar|OVO003323|372
DVR000002245|False|Premie voor het installeren van een roetfilter in oudere dieselwagens|OVO003323|373
DVR000002246|False|Erkenning als laboratorium voor afvalstoffen, andere materialen en bodemstalen|OVO000091|375
DVR000002247|False|Erkenning als uitzendbureau|OVO000076|379
DVR000002248|False|Erkenning als ARKIV|OVO000044|381
DVR000002249|False|Erkenning getuigschrift/diploma na leertijd|OVO000079|384
DVR000002250|False|Erkenning getuigschrift/diploma ondernemersopleiding|OVO000079|385
DVR000002251|False|Registratie als dienstverlener in het kader van de kmo-portefeuille|OVO000039|386
DVR000002252|False|Erkenning van testcentra voor het leveren van ervaringsbewijzen|OVO002958|387
DVR000002253|False|Erkenning van een producent van vegetatief teeltmateriaal van wijnstokken|OVO000082|392
DVR000002254|False|Afschotplan voor grofwild|OVO000089|399
DVR000002255|False|Erkenning van lokale geloofsgemeenschappen|OVO001835|402
DVR000002256|False|Subsidies aan verenigingen voor projecten met een meerwaarde voor natuur en milieu|OVO003323|403
DVR000002257|False|Milieuheffing voor het storten en verbranden van afvalstoffen|OVO000091|405
DVR000002258|False|Erkenning van kopers en exploitanten van hout in openbare bossen|OVO000089|409
DVR000002259|False|Verzekering burgerlijke aansprakelijkheid voor beheerders van bossen en natuurreservaten|OVO000089|415
DVR000002260|False|Vergoeding voor schade veroorzaakt door wild of door een beschermde diersoort|OVO000089|416
DVR000002261|False|Compensatieplicht bij ontbossing|OVO000089|417
DVR000002262|False|Kapmachtiging|OVO000089|418
DVR000002263|False|Erkenning als bodemsaneringsdeskundige type 1 of type 2|OVO000091|421
DVR000002264|False|Erkenning of melding en subsidiëring van de verenigingen van gebruikers en mantelzorgers|OVO000059|423
DVR000002265|False|Subsidie voor een regenwaterput (hemelwaterput)|OVO000092|424
DVR000002266|False|Toestemming of machtiging voor een activiteit in een bos of natuurreservaat|OVO000089|426
DVR000002267|False|Verklaring van selectieve sloop of ontmanteling|OVO000091|427
DVR000002268|False|Toelating tot invoer van dierlijke bijproducten (DBP) vanuit een andere Europese lidstaat|OVO000091|430
DVR000002269|False|Melden van de overdracht van een risicogrond|OVO000091|431
DVR000002270|False|Een sociale woning huren bij een sociale huisvestingsmaatschappij|OVO000103|432
DVR000002271|False|Een sociale woning huren bij een sociaal verhuurkantoor|OVO000103|434
DVR000002272|False|Verplichte haalbaarheidsstudie naar alternatieve energiesystemen voor grote gebouwen|OVO000090|435
DVR000002273|False|Beheerovereenkomst tussen de Vlaamse Landmaatschappij en landbouwers|OVO000094|436
DVR000002274|False|Erkenning van de psychiatrische verzorgingstehuizen|OVO000059|440
DVR000002275|False|Adviezen inzake de relatie tussen de kwaliteit van het milieu en gezondheid|OVO000059|443
DVR000002276|False|Vaccins gratis ter beschikking van de vaccinatoren|OVO000059|445
DVR000002277|False|Vaccinatiekaart|OVO000059|446
DVR000002278|False|Normen voor ziekenhuizen|OVO000059|448
DVR000002279|False|Subsidies voor investeringen in welzijns- en gezondheidsvoorzieningen|OVO000056|452
DVR000002280|False|Overlegplatforms Geestelijke Gezondheidszorg|OVO000059|455
DVR000002281|False|Subsidiëring van projecten en bijzondere initiatieven inzake Jongerenwelzijn|OVO000058|458
DVR000002282|False|Heffing op de waterverontreiniging|OVO000092|462
DVR000002283|False|Voordelige lening voor ondernemingen (Win-winlening)|OVO000044|466
DVR000002284|False|Subsidie voor de verwarringstechniek in de fruitteelt|OVO000082|472
DVR000002285|False|Subsidie voor mechanische onkruidbestrijding|OVO000082|473
DVR000002286|False|Premie voor het behoud van de gespecialiseerde zoogkoeienhouderij|OVO000082|474
DVR000002287|False|Subsidie voor de bescherming van de genetische diversiteit van rundveerassen|OVO000082|475
DVR000002288|False|Subsidie voor de bescherming van de genetische diversiteit van schapenrassen|OVO000082|476
DVR000002289|False|Subsidie voor de bedrijfseigen teelt van plantaardige eiwitbronnen (vlinderbloemigen)|OVO000082|479
DVR000002290|False|Subsidie voor milieuvriendelijke sierteelt|OVO000082|481
DVR000002291|False|Subsidie voor de bescherming van de genetische diversiteit van oude rassen hoogstammige fruitbomen|OVO000082|482
DVR000002292|False|Erkenning en subsidiëring van de instellingen voor schuldbemiddeling|OVO000056|485
DVR000002293|False|Buzzy Pazz, van 6 tot 24 jaar|OVO000100|486
DVR000002294|False|Legalisatie van Vlaamse getuigschriften en diploma's|OVO000049|487
DVR000002295|False|Huur van een betaalbare woning in de Vlaamse rand rond Brussel via Vlabinvest|OVO003297|489
DVR000002296|False|Subsidie voor ontwikkelingseducatie|OVO000032|491
DVR000002297|False|Grondstofverklaring voor gebruik van een bepaald materiaal als grondstof|OVO000091|492
DVR000002298|False|Integraal Milieujaarverslag (IMJV)|OVO000091|493
DVR000002299|False|Registratie als vervoerder van afvalstoffen|OVO000091|494
DVR000002300|False|Registratie als inzamelaar, handelaar of makelaar van afvalstoffen|OVO000091|495
DVR000002301|False|Vermindering van de onroerende voorheffing voor grootoorlogsverminkten|OVO000031|496
DVR000002302|False|Vergunning voor invoer, uitvoer en doorvoer van strategische goederen|OVO000032|497
DVR000002303|False|Premie van de netbeheerder voor isolatie van een buitenmuur langs de buitenzijde|OVO000090|498
DVR000002304|False|Premie van de netbeheerder voor de isolatie van een spouwmuur|OVO000090|499
DVR000002305|False|Premie van de netbeheerder voor vloerisolatie of kelderisolatie|OVO000090|500
DVR000002306|False|Premie van de netbeheerder voor een warmtepomp|OVO000090|501
DVR000002307|False|Kortingbon voor beschermde afnemers bij aankoop van een energiezuinige wasmachine of koelkast|OVO000090|502
DVR000002308|False|Vrijstelling van de bijdrage voor de zuivering van het afvalwater||504
DVR000002309|False|Speciale onderwijsleermiddelen voor leerlingen, studenten of cursisten met een handicap|OVO000049|505
DVR000002310|False|FSC-boscertificaat|OVO000089|506
DVR000002311|False|Subsidies voor sportevenementen|OVO000070|507
DVR000002312|False|Overnamesteun voor de jonge landbouwer|OVO000082|508
DVR000002313|False|Investeringssteun voor land- en tuinbouwers|OVO000082|509
DVR000002314|False|Investeringssteun aan de agrovoedingssector|OVO000082|512
DVR000002315|False|Investeringssteun aan de omkaderingssector voor land- en tuinbouw|OVO000082|513
DVR000002316|False|Omgevingsvergunning voor de exploitatie van ingedeelde inrichtingen of activiteiten|OVO003323|517
DVR000002317|False|Bodemattest|OVO000091|518
DVR000002318|False|Erkenning van controleartsen in het kader van dopingbestrijding|OVO000070|520
DVR000002319|False|Subsidie voor bijzondere journalistiek||522
DVR000002320|False|Subsidies voor de audiovisuele sector|OVO000175|523
DVR000002321|False|Subsidies voor de letterensector|OVO000174|524
DVR000002322|False|Uitwisseling van plannen van ondergrondse kabels en leidingen (Kabel en Leiding Informatieportaal KLIP)|OVO002949|527
DVR000002323|False|Premie 50+|OVO000078|528
DVR000002324|False|Planologisch attest|OVO003323|530
DVR000002325|False|Milieueffectrapport (MER)|OVO003323|532
DVR000002326|False|Conformiteitsattest voor (huur)woningen|OVO000106|536
DVR000002327|False|Heffing op de leegstand en verwaarlozing van bedrijfsgebouwen|OVO000031|537
DVR000002328|False|Erkenning als laboratorium voor de analyse van water, lucht of bodem (deeldomein bodembescherming)|OVO003323|538
DVR000002329|False|Erkenning als opleidingscentrum brandertechnici of stookolietechnici|OVO003323|539
DVR000002330|False|Erkenning als milieucoördinator|OVO003323|540
DVR000002331|False|Erkenning als opleidingscentrum voor de vorming van milieucoördinatoren|OVO003323|541
DVR000002332|False|Erkenning als veiligheidsrapporteringsdeskundige (VR-deskundige)|OVO003323|542
DVR000002333|False|Erkenning als milieudeskundige|OVO003323|543
DVR000002334|False|Certificering van examencentra koeltechniek|OVO003323|544
DVR000002335|False|Erkenning van technici en bedrijven voor brandbeveiligingsapparatuur|OVO003323|546
DVR000002336|False|Erkenning als opleidingscentrum voor klimaatregelingssytemen in bepaalde motorvoertuigen|OVO003323|547
DVR000002337|False|Planbatenheffing, belasting op de meerwaarde van een grond na een bestemmingswijziging|OVO000031|548
DVR000002338|False|Erkenning als technicus vloeibare brandstof, gasvormige brandstof en verwarmingsaudit|OVO003323|549
DVR000002339|False|Erkenning als technicus stookolietanks|OVO003323|550
DVR000002340|False|Certificering van koeltechnici en koeltechnische bedrijven|OVO003323|551
DVR000002341|False|Meting van straling rond zendantennes|OVO003323|553
DVR000002342|False|Melding van de intentie tot hennepteelt|OVO000082|557
DVR000002343|False|Kapitaalschadecompensatie voor eigenaars van landbouwgronden|OVO000094|558
DVR000002344|False|Gebruikerscompensatie voor landbouwgronden|OVO000094|559
DVR000002345|False|Identificatie als landbouwer|OVO000082|561
DVR000002346|False|Stageovereenkomst|OVO000079|564
DVR000002347|False|Erkenning als ruimtelijke planner|OVO003323|565
DVR000002348|False|Belasting op de inverkeerstelling (BIV)|OVO000031|566
DVR000002349|False|Premie van de netbeheerder voor dakisolatie of zoldervloerisolatie in een woning of appartement|OVO000090|567
DVR000002350|False|Premie van de netbeheerder voor hoogrendementsglas in een woning of appartement|OVO000090|568
DVR000002351|False|Premie van de netbeheerder voor een condensatieketel (voor beschermde afnemers)|OVO000090|569
DVR000002352|False|Verkavelingsvergunning|OVO003323|570
DVR000002353|False|Erkenning tot energiedeskundige type A|OVO000090|571
DVR000002354|False|Erkenning tot energiedeskundige type C|OVO000090|572
DVR000002355|False|Erkenning tot energiedeskundige type B|OVO000090|573
DVR000002356|False|Erkenning van een milieuvriendelijk toeristisch bedrijf (ecolabel De Groene Sleutel)|OVO000034|574
DVR000002357|False|Erkenning van een kampeerautovriendelijk logies|OVO000034|576
DVR000002358|False|Vergunning van een reisbureau of toeristisch verhuurkantoor|OVO000034|578
DVR000002359|False|Stedenbouwkundig attest|OVO003323|579
DVR000002360|False|Kooprecht voor huurders van een sociale huurwoning|OVO000103|580
DVR000002361|False|Attest ter vervanging van een verloren diploma of getuigschrift|OVO000049|581
DVR000002362|False|Arbeidsvergunning|OVO004018|583
DVR000002363|False|Toegankelijkheidslabel voor toegankelijk logies|OVO000034|585
DVR000002364|False|Erkenning en vergunning van diensten en voorzieningen die ondersteuning bieden aan personen met een handicap|OVO000060|586
DVR000002365|False|Erkenning van gidsen en reisleiders|OVO000034|599
DVR000002366|False|Erkenning van een particuliere televisie-omroep|OVO000071|600
DVR000002367|False|Budgetmeter|OVO000093|601
DVR000002368|False|Aanvullende verkeersbelasting voor LPG-installaties|OVO000031|602
DVR000002369|False|Hulplijn geweld, misbruik en kindermishandeling|OVO000056|603
DVR000002370|False|Heffing op ongeschikte en onbewoonbare woningen|OVO000031|604
DVR000002371|False|Erkenning en subsidiëring van de Logo's (Lokaal Gezondheids Overleg)|OVO000059|607
DVR000002372|False|Erkenning en subsidiëring van amateurkunsten|OVO000067|611
DVR000002373|False|Subsidie voor sensibiliserende initiatieven van de Vlaamse Gebarentaal|OVO000067|612
DVR000002374|False|Subsidies voor leesbevordering|OVO000174|613
DVR000002375|False|Subsidie voor verenigingen met een specifieke opdracht voor de cultuur-, jeugdwerk- en sportsector|OVO000067|617
DVR000002376|False|Subsidie voor verenigingen voor culturele en sportieve participatie van gedetineerden|OVO000067|618
DVR000002377|False|Erkenning en subsidiëring van organisaties voor sociaal-cultureel volwassenenwerk|OVO000067|619
DVR000002378|False|Omgevingsvergunning voor stedenbouwkundige handelingen|OVO003323|620
DVR000002379|False|Erkenning van een fietsvriendelijk logies|OVO000034|621
DVR000002380|False|Betalingsrechten voor de landbouw|OVO000082|622
DVR000002381|False|Erkenning als MER-deskundige|OVO003323|625
DVR000002382|False|Kennisgeving voor uitzending door een televisie-omroep|OVO000071|627
DVR000002383|False|Attesten voor jeugdwerkers|OVO000067|628
DVR000002384|False|Vermindering van de onroerende voorheffing voor kinderbijslaggerechtigde kinderen|OVO000031|630
DVR000002385|False|Vermindering van de onroerende voorheffing voor bescheiden woning|OVO000031|631
DVR000002386|False|Subsidie voor stages bij internationale organisaties|OVO000032|633
DVR000002387|False|Subsidie voor experimenteel jeugdwerk|OVO000067|637
DVR000002388|False|Kampeertenten lenen|OVO000067|638
DVR000002389|False|Subsidies voor internationaal ondernemen|OVO000035|639
DVR000002390|False|Exportmeter|OVO000035|640
DVR000002391|False|Leerlingenkaart|OVO008590|642
DVR000002392|False|Subsidies voor de bouw en renovatie van scholen|OVO000053|643
DVR000002393|False|Een vrijstelling aanvragen in het hoger onderwijs of toegang krijgen tot het hoger onderwijs via eerdere studies of werkervaring|OVO000049|644
DVR000002394|False|Sloopinventaris afvalstoffen|OVO000091|645
DVR000002395|False|Aansluiten bij de Vlaamse Sociale Bescherming|OVO000120|649
DVR000002396|False|Minimale levering van elektriciteit en aardgas voor wie een budgetmeter heeft|OVO000090|650
DVR000002397|False|Verplicht onderhoud van uw cv-installatie (centrale verwarming)|OVO003323|651
DVR000002398|False|EPC Bouw|OVO000090|652
DVR000002399|False|Medaille voor sociaal-culturele inzet|OVO000067|653
DVR000002400|False|Controle en onderhoud van de stookolietank van een woning|OVO003323|654
DVR000002401|False|Proportionele vermindering van de onroerende voorheffing|OVO000031|658
DVR000002402|False|Verkooprechten (Registratiebelastingen)|OVO000031|659
DVR000002403|False|Schenkbelasting (Registratiebelasting)|OVO000031|660
DVR000002404|False|Erfbelasting|OVO000031|661
DVR000002405|False|Vrijstelling van erfbelasting op de gezinswoning voor de langstlevende partner|OVO000031|662
DVR000002406|False|Recht op hypotheekvestiging (Registratiebelastingen)|OVO000031|663
DVR000002407|False|Verdeelrechten (Registratiebelastingen)|OVO000031|664
DVR000002408|False|Aankoop van een sociale woning of bouwgrond bij een sociale huisvestingsmaatschappij (SHM)|OVO000103|665
DVR000002409|False|Vermindering van de verkooprechten voor een bescheiden woning (Klein beschrijf)|OVO000031|666
DVR000002410|False|Meeneembaarheid van verkooprechten|OVO000031|667
DVR000002411|False|Vermindering van de verkooprechten voor een enige woning (Abattement)|OVO000031|668
DVR000002412|False|Vermindering van de verkooprechten bij een hypothecaire lening voor een enige woning (Bijabattement)|OVO000031|669
DVR000002413|False|Vermindering van de verkooprechten bij renovatie van een verwaarloosd of leegstaand pand (Renovatie-abattement)|OVO000031|670
DVR000002414|False|Huisonderwijs voor leerplichtige kinderen|OVO000050|671
DVR000002415|False|Tegemoetkoming in reis- en verblijfkosten voor internationale samenwerking rond volksontwikkeling en lokaal cultuurbeleid|OVO000067|673
DVR000002416|False|Vakantieaanbod met korting voor mensen die het financieel moeilijk hebben|OVO000034|674
DVR000002417|False|Toelatingsexamens arts en tandarts|OVO001951|677
DVR000002418|False|Tijdelijk Onderwijs Aan Huis (TOAH) voor zieke leerlingen|OVO000050|678
DVR000002419|False|Een getuigschrift basisonderwijs behalen via de Examencommissie basisonderwijs|OVO000049|679
DVR000002420|False|Een diploma of getuigschrift secundair onderwijs behalen via de Examencommissie secundair onderwijs|OVO001951|680
DVR000002421|False|Leerlingenvervoer in het buitengewoon onderwijs|OVO000049|681
DVR000002422|False|Vermindering van de onroerende voorheffing voor personen met een handicap|OVO000031|682
DVR000002423|False|Geïntegreerd onderwijs: GON-begeleiding in het onderwijs|OVO000050|683
DVR000002424|False|Groenestroomcertificaten voor zonnepanelen|OVO000090|684
DVR000002425|False|Studietoelage voor het hoger onderwijs|OVO001951|685
DVR000002426|False|Schooltoelage voor het basisonderwijs en het secundair onderwijs|OVO001951|686
DVR000002427|False|Verhoogde investeringsaftrek voor energiebesparende investeringen door bedrijven|OVO005190|687
DVR000002428|False|Vermindering van de onroerende voorheffing voor huurders|OVO000031|688
DVR000002429|False|Attest voor de erkenning van een Vlaams diploma of getuigschrift in het buitenland|OVO001951|689
DVR000002430|False|Premie van de netbeheerder voor een zonneboiler|OVO000090|690
DVR000002431|False|Vermindering van de onroerende voorheffing voor een energiezuinig nieuw gebouw|OVO000031|691
DVR000002432|False|Leerkrediet voor studenten hoger onderwijs|OVO001951|693
DVR000002433|False|Diploma hoger onderwijs behalen via een diplomacontract|OVO001951|694
DVR000002434|False|Credits hoger onderwijs behalen via een creditcontract|OVO001951|695
DVR000002435|False|Diploma hoger onderwijs behalen via een examencontract|OVO001951|696
DVR000002436|False|Opgraving van een stoffelijk overschot of urne|OVO001835|698
DVR000002437|False|Verplichte keuring van een nieuwe of gewijzigde cv-installatie|OVO003323|701
DVR000002438|False|EPC bij verkoop of verhuur van een woning|OVO000090|702
DVR000002439|False|Erkenning van scholen en andere onderwijsinstellingen|OVO003772|703
DVR000002440|False|Vlaamse Woonlening of de sociale lening bij de VMSW|OVO000103|705
DVR000002441|False|Bevolkingsonderzoek Borstkanker|OVO000059|706
DVR000002442|False|Melden van gebreken aan wegen, fietspaden, wegverlichting, ... in Vlaanderen|OVO000098|710
DVR000002443|False|Doorlichtingsverslag van een school of een centrum voor leerlingenbegeleiding|OVO002410|716
DVR000002444|False|Vergunning tot het rijden in een voetgangerszone||719
DVR000002445|False|Subsidie voor het organiseren van een jeugdfuif||720
DVR000002446|False|Poetshulp||721
DVR000002447|False|Inkomensvervangende tegemoetkoming voor personen met een handicap|OVO008217|726
DVR000002448|False|Veranderen van familienaam|OVO003988|727
DVR000002449|False|Rustpensioen|OVO024764|728
DVR000002450|False|Raming van uw toekomstige pensioenrechten|OVO024764|729
DVR000002451|False|Voorlopig rijbewijs|OVO004067|730
DVR000002452|False|Stemmen bij verkiezingen|OVO008237|731
DVR000002453|False|Visum en verblijfsdocumenten om in België te verblijven|OVO008237|732
DVR000002454|False|Brandveiligheidsattest voor horeca-uitbaters||733
DVR000002455|False|Vergunning voor het verstrekken van gegiste en/of sterke dranken||734
DVR000002456|False|Elektronische vreemdelingenkaart|OVO008237|735
DVR000002457|False|Exploitatievergunning voor de horeca||736
DVR000002458|False|Hygiëneattest||739
DVR000002459|False|Identiteitsbewijs voor een niet-Belgisch kind|OVO008237|740
DVR000002460|False|Moraliteitsattest||741
DVR000002461|False|Overlijdensaangifte van een doodgeboren kind||743
DVR000002462|False|Buitenlandse overlijdensakte erkennen en overschrijven in België|OVO024762|744
DVR000002463|False|Registratie poliovaccinatie|OVO008238|746
DVR000002464|False|Reistoelating voor minderjarigen|OVO024762|747
DVR000002465|False|Registratie van de slachting van een dier||748
DVR000002466|False|Sociaal tarief voor elektriciteit en aardgas (sociale maximumprijzen)|OVO004539|749
DVR000002467|False|Sociaal telefoontarief|OVO019809|750
DVR000002468|False|Omgevingsvergunning voor kleinhandelsactiviteiten|OVO000039|751
DVR000002469|False|Attest van de interventie van de brandweer|OVO008237|754
DVR000002470|False|Toelating voor het organiseren van manifestaties ter bevordering van de plaatselijke handel/braderieën|OVO004539|755
DVR000002471| |Wettiging handtekening||756
DVR000002472|False|Nachtvergunning voor de horeca||757
DVR000002473|False|Instapstage - VDAB|OVO000078|758
DVR000002474|False|Gemeentelijke werkingssubsidie voor erkende jeugdverenigingen||760
DVR000002475|False|Gebruiken van een tentoonstellingsruimte||761
DVR000002476|False|Gemeentelijke premie voor een startende ondernemer||762
DVR000002477|False|Werkingssubsidie voor sportverenigingen||763
DVR000002478|False|Subsidie voor een startende jeugdvereniging||764
DVR000002479|False|Subsidie voor de vorming van trainers of begeleiders||765
DVR000002480|False|Subsidie voor het onvruchtbaar maken van een huiskat||766
DVR000002481|False|Tegemoetkoming in de gemeentelijke opcentiemen||767
DVR000002482|False|Vergunning voor het plaatsen van een tijdelijk terras||768
DVR000002483|False|Klusjesdienst||769
DVR000002484|False|Personenalarmsysteem||770
DVR000002485|False|Toelating voor het uitdelen van flyers op markten, evenementen en openbare plaatsen||772
DVR000002486|False|Toelating voor het uitdelen van productstalen op markten, evenementen of op openbare plaatsen||773
DVR000002487|False|Vergunning voor een circusstandplaats||774
DVR000002488|False|Vergunning voor straatanimatie en straatmuzikanten||775
DVR000002489|False|Vergunning om koopwaar en voorwerpen uit te stallen op openbaar domein||776
DVR000002490|False|Laatste wilsbeschikking|OVO001835|777
DVR000002491|False|Attest van hoofdverblijfplaats (bewijs van woonst)|OVO008237|778
DVR000002492|False|Attest van leven|OVO008237|779
DVR000002493|False|Attest van Belgische nationaliteit|OVO008237|780
DVR000002494|False|Attest van gezinssamenstelling|OVO008237|781
DVR000002495|False|Akte van overlijden|OVO008237|782
DVR000002496|False|Akte van geboorte|OVO008237|783
DVR000002497|False|Akte van huwelijk|OVO008237|784
DVR000002498|False|Akte van echtscheiding|OVO008237|785
DVR000002499|False|Crisisopvang voor zorgbehoevende ouderen||787
DVR000002500|False|Dagopvang voor ouderen||788
DVR000002501|False|Gemeentelijke geboortepremie||789
DVR000002502|False|Medisch-sociale toelage voor volwassenen met een handicap||790
DVR000002503|False|Flats voor personen met een handicap||791
DVR000002504|False|Tussenkomst voor Nederlandse taallessen||792
DVR000002505|False|Oppas en gezelschap voor thuiswonende ouderen||793
DVR000002506|False|Gemeentelijke premie voor palliatieve thuiszorg||794
DVR000002507|False|Vakantietoelage voor personen met een handicap||795
DVR000002508|False|Seniorenwoningen||796
DVR000002509|False|Serviceflat en assistentiewoning||797
DVR000002510|False|Sociaal restaurant||798
DVR000002511|False|Sociale correctie op het gedifferentieerd tarief voor afvalverwerking||799
DVR000002512|False|Sociale premie water en elektriciteit voor personen met een laag inkomen||800
DVR000002513|False|Sociale premie water, gas en elektriciteit voor gezinnen||801
DVR000002514|False|Thuiszorg - Haarverzorging||802
DVR000002515|False|Tussenkomst in het leefgeld||803
DVR000002516|False|Tussenkomst in de kosten voor het vaccin tegen baarmoederhalskanker||804
DVR000002517|False|Woonbegeleiding||805
DVR000002518|False|Inhaalpremie voor langdurige arbeidsongeschiktheid|OVO004200|807
DVR000002519|False|Tegemoetkoming voor hulp van derden bij arbeidsongeschiktheid|OVO004200|808
DVR000002520|False|Ziekte- en invaliditeitsuitkering|OVO004200|809
DVR000002521|False|Arbeidsongevallenverzekering|OVO027181|810
DVR000002522|False|Verlaagd btw-tarief voor personen met een handicap voor de aankoop van een wagen|OVO005190|811
DVR000002523|False|Basisbankdienst|OVO004539|812
DVR000002524|False|Belastingkrediet voor kinderen ten laste|OVO005190|814
DVR000002525|False|Belastingvrije som bij opvang van een ouder familielid|OVO005190|815
DVR000002526|False|Belastingvermindering voor dakisolatie|OVO005190|816
DVR000002527|False|Bemiddeling|OVO003988|817
DVR000002528|False|Beroepsziekten|OVO027181|818
DVR000002529|False|Bijzonder Solidariteitsfonds voor uitzonderlijke gezondheidskosten|OVO004200|819
DVR000002530|False|Blindenstok|OVO008217|820
DVR000002531|False|Tegemoetkoming chronische wonden|OVO004200|821
DVR000002532|False|Dringende medische hulp voor mensen zonder wettig verblijf||823
DVR000002533|False|Equivalent leefloon|OVO027345|827
DVR000002534|False|Belastingvermindering voor de kosten voor kinderopvang|OVO005190|828
DVR000002535|False|Kraamgeld (geboortepremie)|OVO003903|829
DVR000002536|False|Globaal medisch dossier|OVO004200|831
DVR000002537|False|Incontinentieforfait|OVO004200|832
DVR000002538|False|Installatiepremie voor dak- en thuislozen|OVO027345|834
DVR000002539|False|Integratietegemoetkoming voor personen met een handicap|OVO008217|835
DVR000002540|False|Jobkorting federale overheid|OVO005190|836
DVR000002541|False|Juridische tweedelijnsbijstand (Pro-Deoadvocaat)|OVO003988|837
DVR000002542|False|Tegemoetkoming in de reiskosten van kankerpatiënten|OVO004200|838
DVR000002543|False|Kinderbijslag van 18 tot 25 jaar|OVO003903|839
DVR000002544|False|Gewaarborgd kraamgeld|OVO003903|840
DVR000002545|False|Gewaarborgde gezinsbijslag|OVO003903|841
DVR000002546|False|Leeftijdsbijslag bij de kinderbijslag|OVO003903|842
DVR000002547|False|Jaarlijkse bijslag bij het kindergeld (schoolpremie)|OVO003903|843
DVR000002548|False|Toeslag bij de kinderbijslag voor langdurig werklozen en gepensioneerden|OVO003903|844
DVR000002549|False|Wezenbijslag|OVO003903|847
DVR000002550|False|Verlengde kinderbijslag|OVO003903|848
DVR000002551|False|Vrijstelling voor studies in het kader van knelpuntberoepen|OVO025169|849
DVR000002552|False|Inkomstenvrijstelling voor leefloners|OVO027345|851
DVR000002553|False|Lokaal Opvang Initiatief (LOI) voor asielzoekers|OVO027345|852
DVR000002554|False|Verlof voor medische bijstand|OVO025169|853
DVR000002555|False|Maximumfactuur voor medische kosten|OVO004200|854
DVR000002556|False|Melden van discriminatie|OVO003858|855
DVR000002557|False|Mobiliteitstoeslag voor wie het werk hervat in loondienst||856
DVR000002558|False|Negatieve wilsverklaring||857
DVR000002559|False|Hulp bij het betalen van onderhoudsgeld of alimentatie||859
DVR000002560|False|Voorschot op de alimentatievordering|OVO005190|860
DVR000002561|False|Regeling begrafeniskosten bij onvoldoende middelen||861
DVR000002562|False|Palliatief forfait - Toelage voor thuisverzorging|OVO004200|862
DVR000002563|False|Palliatief verlof|OVO025169|863
DVR000002564|False|Toeslag belastingvrije som bij personenbelasting|OVO005190|868
DVR000002565|False|Tegemoetkoming voor pijnstillers voor chronisch zieken|OVO004200|869
DVR000002566|False|Referentieadres||872
DVR000002567|False|Tussenkomst voor socio-culturele en sportieve participatie voor mensen in armoede|OVO027345|877
DVR000002568|False|Gratis tandverzorging tot 18 jaar|OVO004200|879
DVR000002569|False|Kortingskaart NMBS voor grote gezinnen|OVO003863|880
DVR000002570|False|Kortingskaart NMBS 'Verhoogde tegemoetkoming'|OVO003863|881
DVR000002571|False|Verminderingskaart NMBS voor personen met een visuele handicap|OVO008217|882
DVR000002572|False|Seniorenbiljet NMBS vanaf 65 jaar|OVO003863|883
DVR000002573|False|Voorrangskaart NMBS voor een zitplaats op de trein|OVO003863|884
DVR000002574|False|Verhoogde tegemoetkoming voor gezondheidszorgen|OVO004200|885
DVR000002575|False|Verwarmingstoelage via het Sociaal Verwarmingsfonds|OVO027368|886
DVR000002576|False|Vrijstelling van draagplicht van de veiligheidsgordel|OVO004067|887
DVR000002577|False|Onkostenvergoeding voor vrijwilligerswerk|OVO021371|888
DVR000002578|False|Tijdelijke inschrijving bij het ziekenfonds voor wie verblijft in België||893
DVR000002579|False|Zorgforfait voor chronisch zieken|OVO004200|894
DVR000002580|False|Burenbemiddeling||897
DVR000002581|False|Gratis energiescan||898
DVR000002582|False|Gezinsvakantie||899
DVR000002583|False|Advies om de toegankelijkheid van een woning voor ouderen te verbeteren||900
DVR000002584|False|Sociale samenhang - Buurthuis||901
DVR000002585|False|Ontlenen van taalstimulerend materiaal bij de Taal-o-theek||902
DVR000002586|False|Dringend ziekenvervoer|OVO004200|903
DVR000002587|False|Financiële tegemoetkoming voor incontinentiemateriaal||904
DVR000002588|False|Gemeentelijke tussenkomst bij de aankoop van een Buzzy Pazz bij De Lijn|OVO000100|906
DVR000002589|False|Gemeentelijke aanpassingspremie voor personen met een handicap||907
DVR000002590|False|Boodschappendienst met dienstencheques||908
DVR000002591|False|Hulp bij verplaatsing met dienstencheques||909
DVR000002592|False|Europees rijbewijs|OVO004067|925
DVR000002593|False|Aangifte van een adreswijziging bij uw stad of gemeente|OVO008237|926
DVR000002594|False|Een stookolietank buiten gebruik stellen|OVO003323|927
DVR000002595|False|Zorgwonen|OVO003323|934
DVR000002596|False|Huur van een sociale woning bij het Vlaams Woningfonds|OVO001729|936
DVR000002597|False|Sociale lening bij een erkende kredietmaatschappij||937
DVR000002598|False|Premies voor sociale isolatieprojecten voor huurwoningen|OVO000090|938
DVR000002599|False|E-peilpremie voor energiezuinige nieuwbouw|OVO000090|939
DVR000002600|False|Uittreksel uit het strafregister|OVO003988|940
DVR000002601|False|Combinatiepremie voor gelijktijdige investering in raamvervanging en muurisolatie|OVO000090|941
DVR000002602|False|Machtiging tot het uitoefenen van ambulante activiteiten (leurkaart)|OVO000039|942
DVR000002603|False|Subsidie voor de huur van niet-gemeentelijke sportzalen||943
DVR000002604|False|Subsidie voor de (her)aanleg van sportvelden of het (ver)bouwen van sportinfrastructuur||944
DVR000002605|False|Sportkamp||945
DVR000002606|False|Subsidie voor meer en betere sportgekwalificeerde jeugdsportwerkers||946
DVR000002607|False|Een speelstraat organiseren||947
DVR000002608|False|Kampvervoer voor jeugdverenigingen||948
DVR000002609|False|Belgisch paspoort|OVO027501|949
DVR000002610|False|Huurgarantiefonds voor verhuurders|OVO000106|950
DVR000002611|False|Subsidie voor bewoonde zwaluwnesten||951
DVR000002612|False|Subsidie voor een compostvat, compostbak of wormenbak||952
DVR000002613|False|Subsidie voor de aanleg en het beheer van kleine landschapselementen||953
DVR000002614|False|Signalisatievergunning||955
DVR000002615|False|Advies van de Lokale Adviescommissie (LAC) over afsluiting of heraansluiting van elektriciteit, aardgas of water||956
DVR000002616|False|Vlaamse Kredietbemiddelaar|OVO000039|957
DVR000002617|False|Premie voor buitensporige directe kost bij verplicht archeologisch onderzoek|OVO000104|959
DVR000002618|False|Beroepskaart voor vreemdelingen|OVO000076|961
DVR000002619|False|Starteo, een voordelige lening voor startende zelfstandigen en kleine ondernemingen|OVO000044|962
DVR000002620|False|Business Angels+lening (BA+lening)|OVO000044|963
DVR000002621|False|Startlening+|OVO000044|964
DVR000002622|False|Optimeo, een voordelige lening voor zelfstandigen en kleine ondernemingen die hun zaak willen uitbreiden|OVO000044|965
DVR000002623|False|Getuigschrift van vakbekwaam slachten|OVO003323|967
DVR000002624|False|Vergunning voor commercieel vervoer van dieren|OVO003323|968
DVR000002625|False|Keuring vervoermiddel bij commercieel vervoer van dieren|OVO003323|969
DVR000002626|False|Getuigschrift van vakbekwaamheid bij commercieel vervoer van dieren|OVO003323|970
DVR000002627|False|Erkenning als dierentuin|OVO003323|971
DVR000002628|False|Erkenning als hondenkwekerij, kattenkwekerij, dierenasiel, dierenpension of handelszaak voor dieren|OVO003323|972
DVR000002629|False|Erkenning als proefdierlabo of als fokker van proefdieren|OVO003323|973
DVR000002630|False|Melden van verwaarloosde of mishandelde dieren|OVO003323|974
DVR000002631|False|Hondenpaspoort en registratiebewijs voor een hond|OVO003323|975
DVR000002632|False|Vergunning voor het plaatsen van een strandcabine||976
DVR000002633|False|Advies over brandpreventie in uw woning|OVO008237|984
DVR000002634|False|Gratis internet in de bibliotheek||989
DVR000002635|False|Aangifte van een verhuis naar het buitenland||991
DVR000002636|False|Aanvraag van een stage||992
DVR000002637|False|Huren van een parkeerplaats op een binnenkoer||993
DVR000002638|False|Gratis optreden op uw buurtfeest||994
DVR000002639|False|Subsidie voor het organiseren van een buurtfeest||995
DVR000002640|False|Projectsubsidie voor een duurzaam artistiek initiatief||996
DVR000002641|False|Projectsubsidie voor jongeren||997
DVR000002642|False|Aanvraag voor het plaatsen van een tijdelijke fietsenstalling||999
DVR000002643|False|Aanvraag voor het plaatsen van een permanente fietsenstalling||1000
DVR000002644|False|Fietsregistratie op een evenement||1003
DVR000002645|False|Belasting op vaste reclame zichtbaar van op de openbare weg||1015
DVR000002646|False|Beerputten ruimen||1026
DVR000002647|False|Premie voor klein comfort in uw woning||1029
DVR000002648|False|Aankopen van kippen||1035
DVR000002649|False|Belasting op het aansluiten op de openbare riolering||1037
DVR000002650|False|Beveiligingsadvies van woningen||1069
DVR000002651|False|Subsidie voor preventieprojecten in scholen||1070
DVR000002652|False|Labelen van fietsen||1071
DVR000002653|False|Premie voor de aanleg van een voetpad op het openbaar domein||1080
DVR000002654|False|Premie voor een rookmelder||1096
DVR000002655|False|Premie voor binneninrichting van winkels||1106
DVR000002656|False|Gevelrenovatiepremie||1108
DVR000002657|False|Huisnummer||1116
DVR000002658|False|Subsidie voor het organiseren van lokale economische initiatieven||1120
DVR000002659|False|Vergunning voor het laden en lossen||1122
DVR000002660|False|Belasting op het geven van een filmvoorstelling||1125
DVR000002661|False|Belasting op het verstrekken van logies||1127
DVR000002662|False|Huisnummerplaatje||1128
DVR000002663|False|Stage- en leerwerkplaatsen bij de Vlaamse overheid|OVO001833|1129
DVR000002664|False|Een diploma secundair onderwijs behalen|OVO000049|1131
DVR000002665|False|Een getuigschrift basisonderwijs behalen|OVO000049|1132
DVR000002666|False|Energielening|OVO000090|1134
DVR000002667|False|Belastingvermindering voor de enige en eigen woning (woonbonus)|OVO000029|1135
DVR000002668|False|Vergunning beenhouwer-spekslager|OVO000039|1139
DVR000002669|False|Machtiging tot het uitoefenen van kermisactiviteiten|OVO000039|1140
DVR000002670|False|Gratis IE-scan|OVO000039|1141
DVR000002671|False|Advies voor ondernemers over aangewezen financieringsmix - Finmix|OVO000039|1142
DVR000002672|False|Trajectbegeleiding innovatieve start-ups en scale-ups|OVO000039|1143
DVR000002673|False|Ongeschikt of onbewoonbaar verklaren van een woning|OVO000106|1151
DVR000002674|False|Inclusief Onderwijs (ION-begeleiding)||1212
DVR000002675|False|Werkloosheidsuitkering|OVO025169|1213
DVR000002676|False|Toeslag bij de kinderbijslag voor eenoudergezinnen|OVO003903|1214
DVR000002677|False|Toeslag op de kinderbijslag voor kinderen met een handicap|OVO003903|1215
DVR000002678|False|Inschakelingsuitkering voor werkzoekende schoolverlaters|OVO025169|1216
DVR000002679|False|Stemmen met een volmacht|OVO008237|1217
DVR000002680|False|Ouderschapsverlof|OVO025169|1225
DVR000002681|False|Auteursrecht|OVO004539|1227
DVR000002682|False|Examens ondernemersvaardigheden bij de Centrale Examencommissie|OVO000039|1228
DVR000002683|False|Octrooi of patent|OVO004539|1232
DVR000002684|False|Vermindering erfbelasting bij overdracht van familiale ondernemingen en vennootschappen|OVO000031|1234
DVR000002685|False|Erasmus voor jonge ondernemers|OVO004097|1238
DVR000002686|False|Vrijstelling van schenkbelasting voor de overdracht van familiale ondernemingen en vennootschappen|OVO000031|1239
DVR000002687|False|Vrijstelling van erfbelasting voor de wettelijke terugkeer van schenkingen|OVO000031|1240
DVR000002688|False|Stedenbouwkundig uittreksel|OVO003323|1241
DVR000002689|False|Bijstand van een tolk voor dove of slechthorende werknemers, zelfstandigen en werkzoekenden met een arbeidshandicap|OVO000078|1246
DVR000002690|False|Tegemoetkoming voor arbeidsgereedschap, -kleding en arbeidspostaanpassingen|OVO000078|1247
DVR000002691|False|Belastingvermindering voor beveiligen van woningen||1253
DVR000002692|False|Cambio-voordeel bij jaarbonnement van De Lijn|OVO027423|1312
DVR000002693|False|Melden van gezondheidsproblemen bij honden na aankoop|OVO003323|1325
DVR000002694|False|Vrijstelling van de belasting op inverkeerstelling (BIV) en de verkeersbelasting (VKB) voor personen met een handicap|OVO000031|1327
DVR000002695|False|Erkenning voor het houden van een zoogdier dat niet op de positieve lijst staat|OVO003323|1336
DVR000002696|False|Vrijstelling van bepaalde werkloosheidsverplichtingen bij volgen van opleiding die voorbereidt op zelfstandig beroep|OVO025169|1337
DVR000002697|False|Vergunning voor een collecte|OVO008237|1338
DVR000002698|False|Toelating tot crematie|OVO001835|1339
DVR000002699|False|Kinderopvangtoeslag voor alleenstaande werkzoekenden die weer aan de slag gaan|OVO025169|1343
DVR000002700|False|Kmo-cofinanciering|OVO000044|1346
DVR000002701|False|Ecocheques|OVO004018|1347
DVR000002702|False|Taxshelter voor startende ondernemingen|OVO005190|1348
DVR000002703|False|Krediet voor onderzoekers voor een lang verblijf in het buitenland|OVO000042|1350
DVR000002704|False|Krediet voor onderzoekers voor deelname aan een workshop of een cursus in het buitenland|OVO000042|1351
DVR000002705|False|Krediet voor een kort verblijf in het buitenland|OVO000042|1352
DVR000002706|False|Krediet voor deelname van onderzoekers aan congres in buitenland|OVO000042|1353
DVR000002707|False|Verplichte energieaudit voor grote ondernemingen|OVO000090|1354
DVR000002708|False|Erkenning als toeristisch centrum|OVO004018|1361
DVR000002709|False|Startbonus|OVO000076|1362
DVR000002710|False|Federale uitkering voor tijdskrediet|OVO025169|1366
DVR000002711|False|Federale uitkering voor ouderschapsverlof, verlof voor medische bijstand of palliatief verlof|OVO025169|1368
DVR000002712|False|Innovatiepremie voor creatieve werknemers|OVO004539|1369
DVR000002713|False|Korting op treinticket voor werkzoekenden die op sollicitatiegesprek gaan|OVO000078|1371
DVR000002714|False|Melding van tijdelijke afwezigheid|OVO008237|1373
DVR000002715|False|Premie voor een hakselaar||1374
DVR000002716|False|Vaste standplaats op de wekelijkse markt|OVO004539|1376
DVR000002717|False|Niet-productieve investeringssteun land- en tuinbouwers|OVO000082|1377
DVR000002718|False|Vergoedingen van netbeheerders bij laattijdige (her)aansluiting en stroomonderbreking|OVO000093|1378
DVR000002719|False|Premie voor een nieuw zero-emissie-voertuig|OVO000090|1379
DVR000002720|False|Vestigingsvergunning voor een nachtwinkel|OVO004539|1380
DVR000002721|False|Aangifte afwijking op de wekelijkse rustdag|OVO004539|1381
DVR000002722|False|Vergunning voor tijdelijke bewegwijzering van een manifestatie||1382
DVR000002723|False|Permanente bewegwijzering van een onderneming||1383
DVR000002724|False|Rattenvergif||1384
DVR000002725|False|Antireclamesticker||1386
DVR000002726|False|Sociaal tarief voor water|OVO000092|1387
DVR000002727|False|Aanvraag tijdelijk parkeerverbod||1388
DVR000002728|False|Aanpassingen aan het openbaar domein||1389
DVR000002729|False|Inname openbaar domein||1390
DVR000002730|False|Belasting op economische bedrijvigheid||1392
DVR000002731|False|Activeringsheffing op onbebouwde gronden||1393
DVR000002732|False|Gedeeld verblijf|OVO008237|1394
DVR000002733|False|Premie voor de installateur die een roetfilter plaatst|OVO003323|1395
DVR000002734|False|Aanvraag van de vrijstelling van de kilometerheffing in Vlaanderen|OVO000031|1396
DVR000002735|False|Kilometerheffing voor vrachtwagens|OVO002333|1397
DVR000002736|False|Premie van de netbeheerder voor na-isolatie van een buitenmuur langs de binnenzijde|OVO000090|1398
DVR000002737|False|Premie voor het plaatsen van een infiltratievoorziening||1402
DVR000002738|False|Aankoop van een compostbak of compostvat||1403
DVR000002739|False|Inleveren PMD afval||1404
DVR000002740|False|Inleveren papier en karton||1405
DVR000002741|False|Snoeihout verhakselen||1406
DVR000002742|False|Inleveren snoeihout||1407
DVR000002743|False|Inleveren kerstboom||1408
DVR000002744|False|Composteerbare zakken||1409
DVR000002745|False|Belasting op het huis-aan-huis verspreiden van ongeadresseerd reclamedrukwerk||1410
DVR000002746|False|Omgevingsvergunning|OVO003323|1411
DVR000002747|False|Vrijstelling van doorstorting van bedrijfsvoorheffing bij investering in steunzones|OVO005190|1412
DVR000002748|False|Machtiging voor standplaats op kermis|OVO000039|1413
DVR000002749|False|Eretitel voor uitvoerende mandatarissen en raadsleden|OVO001835|1414
DVR000002750|False|Ereteken voor lokale en provinciale mandatarissen en personeel|OVO001835|1416
DVR000002751|False|Subsidie teelt van vezelvlas met verminderde bemesting|OVO000082|1419
DVR000002752|False|Subsidie teelt van vezelhennep met verminderde bemesting|OVO000082|1420
DVR000002753|False|Tegemoetkoming in de kosten woon-werkverkeer voor personen met een handicap|OVO000078|1423
DVR000002754|False|Verplaatsingsvergoeding voor werkzoekenden die een erkende opleiding volgen|OVO000078|1424
DVR000002755|False|Verblijfsvergoeding bij opleiding VDAB|OVO001835|1426
DVR000002756|False|Vermindering van de onroerende voorheffing voor ingrijpende energetische renovatie|OVO000031|1427
DVR000002757|False|Toegang tot de LEZ in Antwerpen||1428
DVR000002758|False|Burenpremie voor collectieve renovatieprojecten|OVO000090|1431
DVR000002759|False|Totaalrenovatiebonus van de netbeheerder (BENO-pass)|OVO000090|1432
DVR000002760|False|Bevolkingsonderzoek dikkedarmkanker|OVO000059|1433
DVR000002761|False|Bevolkingsonderzoek baarmoederhalskanker|OVO000059|1434
DVR000002762|False|Professionele erkenning van een buitenlands lerarendiploma in Vlaanderen|OVO000050|1435
DVR000002763|False|Instaptoets lerarenopleiding|OVO000158|1437
DVR000002764|False|Beroepsinlevingsstage (BIS)|OVO000078|1438
DVR000002765|False|Aanmelding en erkenning van een toeristisch logies|OVO000034|1439
DVR000002766|False|Toegang tot de LEZ in Brussel||1441
DVR000002767|False|Persoonlijk assistentiebudget voor personen met een handicap (PAB)|OVO000060|1446
DVR000002768|False|Rechtstreeks toegankelijke hulp (RTH) voor personen met een handicap|OVO000060|1447
DVR000002769|False|BE-Alert waarschuwingssysteem bij noodsituaties|OVO008237|1449
DVR000002770|False|Uw handicap laten erkennen en hulp aanvragen bij het VAPH|OVO000060|1422
DVR000002771|False|Bijkomende sluitingspremie|OVO000039|1451
DVR000002772|False|Afzonderlijke sluitingspremie|OVO000039|1452
DVR000002773|False|Sportmateriaal lenen|OVO000070|1453
DVR000002774|False|Bekers en medailles aanvragen voor een sportevenement|OVO000070|1454
DVR000002775|False|Een jachtplan bekijken of aanpassen|OVO000089|1455
DVR000002776|False|Ondersteuning voor leerlingen met specifieke onderwijsbehoeften|OVO000049|1456
DVR000002777|False|Herbruikbare bekers ontlenen||1457
DVR000002778|False|Niet-dringende interventies van de brandweer bij extreem weer|OVO008237|1458
DVR000002779|False|Erkenning als EPB-verslaggever|OVO000090|1459
DVR000002780|False|Vrijstelling van de jaarlijkse verkeersbelasting en de BIV voor milieuvriendelijke voertuigen|OVO000031|1460
DVR000002781|False|Gelijkwaardigheidserkenning van een buitenlands diploma of getuigschrift in Vlaanderen|OVO001951|1461
DVR000002782|False|Verlaagde schenkbelasting voor een energetische renovatie van een gebouw|OVO000031|1462
DVR000002783|False|Bewegen op verwijzing|OVO027400|1463
DVR000002784|False|City Pass|OVO000100|1464
DVR000002785|False|Voorleessoftware voor leerlingen met een leesbeperking|OVO000049|1465
DVR000002786|False|Europese handicapkaart of European Disability Card (EDC)|OVO004097|1466
DVR000002787|False|Passende beoordeling|OVO000089|1470
DVR000002788|False|Gratis verzekering voor vrijwilligers|OVO000067/ OVO000056|1471
DVR000002789|False|Aanpassing van de geslachtsregistratie|OVO003988|1472
DVR000002790|False|Het Groeipakket|OVO008643|1473
DVR000002791|False|De voortoets|OVO000089|1474
DVR000002792|False|Erkenning als airco-energiedeskundige|OVO003323|1475
DVR000002793|False|Jaarlijkse aangifte van waterverbruik (grootverbruikers)|OVO000092|1476
DVR000002794|False|Energetische keuring van airconditioningsystemen|OVO003323|1477
DVR000002795|False|Rookstopbegeleiding|OVO000059|1478
DVR000002796|False|Ventilatiesysteem aanmelden voor de totaalrenovatiebonus (BENO-pass)|OVO000090|1479
DVR000002797|False|CurieuzeNeuzen Vlaanderen (onderzoek luchtkwaliteit)|OVO000092|1480
DVR000002798|False|Erkenning als technicus voor klimaatregelingsapparatuur in bepaalde motorvoertuigen|OVO003323|1481
DVR000002799|False|Wijk-werken|OVO000078|1482
DVR000002800|False|Attest van wettelijke samenwoning|OVO008237|1483
DVR000002801|False|Vergoeding voor schade door slechte staat van de weg of door wegenwerken|OVO000098|1484
DVR000002802|False|Attest van verblijfplaats met het oog op een huwelijk|OVO024762|1485
DVR000002803|False|Overheidsopdrachten voor werken|OVO027501|1487
DVR000002804|False|Overheidsopdrachten voor leveringen|OVO027501|1488
DVR000002805|False|Overheidsopdrachten voor diensten|OVO027501|1489
DVR000002806|False|Attest van wijze van teraardebestelling en/of rituelen|OVO001835|1490
DVR000002807|False|Attest van Belgische kiezer|OVO008237|1491
DVR000002808|False|Akte van prenatale erkenning|OVO003988|1492
DVR000002809|False|Akte van erkenning|OVO003988|1493
DVR000002810|False|Opleidingsdatabank opleidingsverlof WSE|OVO000076|1494
DVR000002811|False|Uittreksel uit het bevolkingsregister|OVO008237|1495
DVR000002812|False|Akte van adoptie||1496
DVR000002813|False|Akte van verklaring van naamskeuze|OVO003988|1497
DVR000002814|False|Akte van naamsverandering|OVO003988|1498
DVR000002815|False|Akte van voornaamsverandering|OVO003988|1499
DVR000002816|False|Akte van aanpassing van de registratie van het geslacht|OVO003988|1500
DVR000002817|False|Akte van betwisting vaderschap|OVO003988|1501
DVR000002818|False|Akte van Belgische nationaliteit|OVO003988|1502
DVR000002819|False|Akte van een levenloos kind|OVO003988|1503
DVR000002820|False|Vakantie voor oudere werknemers die het werk hervatten - seniorvakantie|OVO025169|1505
DVR000002821|False|Kinderbijslag tot 18 jaar|OVO003903|1506
DVR000002822|False|Reisdocument voor staatlozen, vluchtelingen en vreemdelingen|OVO024762|1507
DVR000002823|False|Jaarlijkse verkeersbelasting voor oldtimers|OVO000031|1508
DVR000002824|False|Verkooprecht sinds 1 juni 2018|OVO000031|1509
DVR000002825|False|Erkenning als metaaldetectorist|OVO000104|1511
DVR000002826|False|Erkenning als archeoloog|OVO000104|1512
DVR000002827|False|Ontheffing van het ontbossingsverbod|OVO000089|1513
DVR000002828|False|Vakantieschakel|OVO000034|1514
DVR000002829|False|Belasting op de inverkeerstelling (BIV) voor oldtimers|OVO000031|1515
DVR000002830|False|Onbelast bijverdienen|OVO015466|1516
DVR000002831|False|Toeslag op de kinderbijslag voor langdurig zieken en arbeidsongeschikten|OVO003903|1517
DVR000002832|False|Mobiliteitsvergoeding (cash for car)|OVO005190|1518
DVR000002833|False|Mobiliteitsbudget|OVO005190|1519
DVR000002834|False|Praktisch jachtexamen|OVO000089|1520
DVR000002835|False|Theoretisch jachtexamen|OVO000089|1521
DVR000002836|False|Subsidie voor een volkstuin 2018|OVO000094|1522
DVR000002837|False|Generieke terugmelding|OVO002949|1524
DVR000002838|False|Kadastraal uittreksel|OVO005190|1525
DVR000002839|False|De sociale toeslag (Groeipakket)|OVO008643|1526
DVR000002840|False|De zorgtoeslagen (groeipakket)|OVO008643|1527
DVR000002841|False|De kinderopvangtoeslag (Groeipakket)|OVO008643|1528
DVR000002842|False|De kleutertoeslag (Groeipakket)|OVO008643|1529
DVR000002843|False|De schooltoeslag vanaf schooljaar 2019-2020 (Groeipakket)|OVO008643|1530
DVR000002844|False|Startbedrag (Groeipakket)|OVO008643|1531
DVR000002845|False|Basisbedrag (Groeipakket)|OVO008643|1532
DVR000002846|False|Schoolbonus (Groeipakket)|OVO008643|1533
DVR000002847|False|Veranderen van voornaam||1534
DVR000002848|False|Student-zelfstandige|OVO027187|1535
DVR000002849|False|Maaltijdcheques|OVO004018|1536
DVR000002850|False|Bewijs van beroepsbekwaamheid voor gereglementeerde beroepen|OVO000039|1537
DVR000002851|False|MuseumPASSmusées||1538
DVR000002852|False|Mijn Burgerprofiel|OVO002949|1541
DVR000002853|False|Vrijstelling doorstorting bedrijfsvoorheffing voor onderzoekers|OVO005190|1542
DVR000002854|False|Erkenning van technici voor elektrische schakelinrichtingen|OVO003323|1543
DVR000002856|False|Schadevergoeding van het Vlaams Rampenfonds|OVO001827|1547
DVR000002857|False|Pleegzorgtoeslag (Groeipakket)|OVO008643|1548
DVR000002858|False|Wezentoeslag (Groeipakket)|OVO008643|1549
DVR000002859|False|Aanloopsteun voor de ontwikkeling van kleine landbouwbedrijven|OVO000082|1550
DVR000002860|False|Huurwaarborglening van het Vlaams Woningfonds|OVO001729|1551
DVR000002861|False|Premie van de netbeheerder voor een warmtepompboiler|OVO000090|1552
DVR000002862|False|Vrijstelling van de onroerende voorheffing na verbouwing van een handelspand|OVO000031|1553
DVR000002863|False|Vrijstelling van de onroerende voorheffing na sloop en vervanging van een ongeschikte of onbewoonbare woning|OVO000031|1554
DVR000002864|False|Vrijstelling van de onroerende voorheffing na sloop en vervanging van een leegstaande of verwaarloosde bedrijfsruimte|OVO000031|1555
DVR000002865|False|Gedeeltelijke vrijstelling van de onroerende voorheffing na verbouwing van een handelspand in een kernwinkelgebied|OVO000031|1556
DVR000002866|False|Vrijstelling van de onroerende voorheffing na verbouwing van een handelspand in een winkelarm gebied|OVO000031|1557
DVR000002867|False|Sloop- en heropbouwpremie|OVO000090|1558
DVR000002868|False|Toelating om in een maatwerkplaats te werken|OVO000078|1559
DVR000002869|False|Subsidie voor ontwikkelingssamenwerking||12
DVR000002870|False|Juridische hulp||38
DVR000002871|False|Tijdelijke opvang in een centrum voor kortverblijf||82
DVR000002872|False|Naschoolse sportactiviteit||85
DVR000002873|False|Gemeentelijke subsidie voor jeugdprojecten||103
DVR000002874|False|Werkingssubsidie voor sociaal-culturele verenigingen||126
DVR000002875|False|Ondersteuning via opvoedingswinkels|OVO027538|215
DVR000002876|False|Loopbaanbegeleiding|OVO000078|219
DVR000002877|False|Subsidies voor projecten in de cultureel-erfgoedsector|OVO000067|258
DVR000002878|False|Erkenning als natuurreservaat|OVO000089|347
DVR000002879|False|Erkenning en subsidiëring van de dagcentra voor palliatieve zorg|OVO000059|413
DVR000002880|False|Erkenning en subsidiëring van de dagverzorgingscentra voor ouderen|OVO000059|442
DVR000002881|False|Erkenning en subsidiëring van de centra voor kortverblijf voor ouderen|OVO000059|450
DVR000002882|False|Erkenning en subsidiëring van de sector samenlevingsopbouw|OVO000056|456
DVR000002883|False|Erkenning en subsidiëring van de samenwerkingsinitiatieven eerstelijnsgezondheidszorg (SEL)|OVO000059|467
DVR000002884|False|Subsidies voor internationale topsportevenementen|OVO000070|514
DVR000002885|False|Erkenning en subsidiëring van Toerisme voor Allen-verblijven|OVO000034|575
DVR000002886|False|Erkenning en subsidiëring van de woonzorgcentra en rust- en verzorgingstehuizen.|OVO000059|592
DVR000002887|False|Erkenning en subsidiëring van serviceflats voor ouderen|OVO000059|594
DVR000002888|False|Subsidie voor circuskunsten|OVO000067|610
DVR000002889|False|Vlaamse aanpassingspremie|OVO000106|676
DVR000002890|False|Subsidies voor een jeugdverblijfcentrum en hostel|OVO000067|704
DVR000002891|False|Gezinszorg||905
DVR000002892|False|Onderhoudspremie en beheerspremie voor varend erfgoed|OVO000104|932
DVR000002893|False|Woonkrediet van het Vlaams Woningfonds|OVO001729|935
DVR000002894|False|Outplacement voor werknemers|OVO025169|960
DVR000002895|False|Schadevergoeding bij een landbouwramp|OVO000082|966
DVR000002896|False|Stagebonus|OVO000076|1364
DVR000002897|False|Vlaamse doelgroepvermindering voor jongeren|OVO000076|1417
DVR000002898|False|Vlaamse doelgroepvermindering voor oudere werknemers|OVO000076|1418
DVR000002899|False|Erfgoedpremie beschermde monumenten en landschappen - bijzondere procedure|OVO000104|1544
DVR000002900|False|Subsidie voor een diversiteitsplan|OVO000076|229
DVR000002901|False|Subsidie aan havenbedrijven voor bepaalde havenkapiteinsdiensten|OVO000096|237
DVR000002902|False|Start- en investeringssteun visserij- en aquacultuursector|OVO000082|240
DVR000002903|False|De Lijn - Buzzy Pazz of Omnipas bij inleveren nummerplaat|OVO000100|244
DVR000002904|False|Vlaams innovatienetwerk (VIN)|OVO000039|271
DVR000002905|False|KidsInvest|OVO000044|278
DVR000002906|False|Projectgebonden subsidies of medefinanciering aan havenbedrijven|OVO000096|286
DVR000002907|False|Medefinanciering instandhouding en onderhoud maritieme toegangswegen|OVO000096|287
DVR000002908|False|Kwaliteitsmerk voor autosnelwegparkings in Vlaanderen|OVO000096|291
DVR000002909|False|Seed & Early Stage|OVO000044|315
DVR000002910|False|Archief - Voordelige lening voor innoverende onderneming (Innovatiemezzanine)|OVO000039|319
DVR000002911|False|Erkenning classificeerders voor de indeling van geslachte runderen|OVO000082|369
DVR000002912|False|Erkenning classificeerders voor de indeling van geslachte varkens|OVO000082|370
DVR000002913|False|Archief - Erkenning toezichthouders op de indeling van geslachte runderen en varkens|OVO000082|371
DVR000002914|False|Erkenning gespecialiseerd pluimveebedrijf|OVO000082|374
DVR000002915|False|Kwaliteitscontrole en herkomstcontrole bosbouwkundig teeltmateriaal|OVO000082|376
DVR000002916|False|Kwaliteitscontrole en certificering aardappelpootgoed|OVO000082|377
DVR000002917|False|Subsidie schoolmelk|OVO000082|383
DVR000002918|False|Erkenning operator van aardappelpootgoed|OVO000082|388
DVR000002919|False|Erkenning leverancier van bosbouwkundig teeltmateriaal|OVO000082|389
DVR000002920|False|Erkenning loontrieerder van zaaizaden|OVO000082|390
DVR000002921|False|Erkenning operator actief in de sector zaaizaad (productie en handel)|OVO000082|391
DVR000002922|False|Erkenning operator van teeltmateriaal fruit-, groente- en siergewassen|OVO000082|393
DVR000002923|False|Kwaliteitscontrole en certificering fruitgewassen|OVO000082|394
DVR000002924|False|Kwaliteitscontrole en certificering zaaizaden|OVO000082|395
DVR000002925|False|Kwaliteitscontrole groentegewassen|OVO000082|396
DVR000002926|False|Kwaliteitscontrole siergewassen|OVO000082|397
DVR000002927|False|Erkenning hopbereider|OVO000082|400
DVR000002928|False|Kwaliteitscontrole en certificering hop|OVO000082|401
DVR000002929|False|Erkenning fokkersverenigingen - Bijhouden rasstamboeken|OVO000082|533
DVR000002930|False|Erkenning fokkersverenigingen - bijhouden registers hybride dieren|OVO000082|534
DVR000002931|False|Zoötechnische erkenning centra voor sperma, eicellen of embryo|OVO000082|535
DVR000002932|False|Erkenning keuringsinstelling koeltechnische bedrijven en examencentra|OVO003323|545
DVR000002933|False|Aanmelden nieuw ras van landbouw- of groentegewassen|OVO000082|556
DVR000002934|False|Erkenning en subsidiëring voorzieningen opvang van kinderen met een handicap|OVO000060|587
DVR000002935|False|Erkenning en subsidiëring ambulante begeleidingsdiensten gehandicapten|OVO000060|588
DVR000002936|False|Persoonlijke-assistentiebudget voor personen met een handicap|OVO000060|589
DVR000002937|False|Tegemoetkoming voor hulpmiddelen voor personen met een handicap|OVO000060|595
DVR000002938|False|Archief - Aanmelden en vergunnen van een toeristisch logies|OVO000032|596
DVR000002939|False|Subsidie originele en innoverende stadsprojecten|OVO001835|605
DVR000002940|False|Tegemoetkoming voor bijzonder cultuuraanbod Podium|OVO000067|608
DVR000002941|False|Opname in het aanbod Podium|OVO000067|609
DVR000002942|False|Attest hinder openbare werken||738
DVR000002943|False|Inkomensgarantie voor ouderen|OVO024764|833
DVR000002944|False|Kinderbijslag van 18 tot 25 jaar|OVO003903|839
DVR000002945|False|Gewaarborgd kraamgeld|OVO003903|840
DVR000002946|False|Gewaarborgde gezinsbijslag|OVO003903|841
DVR000002948|False|Toeslag bij de kinderbijslag voor langdurig werklozen en gepensioneerden|OVO003903|844
DVR000002949|False|Wezenbijslag|OVO003903|847
DVR000002950|False|Initio, een voordelige lening voor zelfstandigen en kleine ondernemingen|OVO000044|1144
DVR000002951|False|Toeslag bij de kinderbijslag voor eenoudergezinnen|OVO003903|1214
DVR000002952|False|Toeslag op de kinderbijslag voor kinderen met een handicap|OVO003903|1215
DVR000002953|False|Loopbaanonderbreking in de openbare sector|OVO025169|1224
DVR000002954|False|Steun voor een portfolio van haalbaarheidsstudies voor bedrijven|OVO000039|1231
DVR000002955|False|Vrijstelling schenkingsrechten voor overdracht familiale ondernemingen en vennootschappen|OVO000031|1235
DVR000002956|False|Vermindering erfbelasting voor overdracht familiale ondernemingen en vennootschappen|OVO000031|1237
DVR000002957|False|Verslag voor toegang tot het buitengewoon onderwijs|OVO000050|1263
DVR000002958|False|Belastingvermindering voor verhuurders die renoveren en hun woningen verhuren aan sociaal verhuurkantoor.|OVO005190|1265
DVR000002959|False|Uw handicap laten erkennen en hulp aanvragen bij het VAPH|OVO000060|1422
DVR000002960|False|Young in BXL - subsidie voor Straatburgerschap|OVO001835|1425
DVR000002961|False|Europese gehandicaptenkaart|OVO004097|1443
DVR000002962|False|Subsidie voor het correct afstellen van verwarmingsinstallaties op school|OVO000053|1444
DVR000002963|False|Het Persoonsvolgend budget voor personen met een handicap (PVB)|OVO000060|1445
DVR000002964|False|Tegemoetkoming voor hulpmiddelen voor personen met een handicap|OVO000060|595
DVR000002965|False|Kinderbijslag tot 18 jaar|OVO003903|1506
DVR000002966|False|Toeslag op de kinderbijslag voor langdurig zieken en arbeidsongeschikten|OVO003903|1517
DVR000003028|False|Vlaams opleidingsverlof|OVO000076|1564
